{"cameraMode":{"drawMode":0,"name":"Shaded","section":"Shading Mode"},"sceneLighting":true,"audioPlay":false,"sceneViewState":{"showFog":false,"showMaterialUpdate":false,"showSkybox":false,"showFlares":false,"showImageEffects":false,"showParticleSystems":false},"in2DMode":false,"pivot":{"x":11.657755851745606,"y":3.2813844680786135,"z":69.5589828491211},"rotation":{"x":-0.10041344910860062,"y":0.8735643029212952,"z":-0.430426687002182,"w":-0.20380239188671113},"size":30.241390228271486,"orthographic":false}