{"cameraMode":{"drawMode":0,"name":"Shaded","section":"Shading Mode"},"sceneLighting":true,"audioPlay":false,"sceneViewState":{"showFog":false,"showMaterialUpdate":false,"showSkybox":true,"showFlares":false,"showImageEffects":false,"showParticleSystems":false},"in2DMode":false,"pivot":{"x":6.321356296539307,"y":16.193944931030275,"z":28.853763580322267},"rotation":{"x":0.009377386420965195,"y":0.7010725736618042,"z":-0.7129683494567871,"w":0.009248044341802597},"size":163.4317626953125,"orthographic":true}