{"cameraMode":{"drawMode":0,"name":"Shaded","section":"Shading Mode"},"sceneLighting":false,"audioPlay":false,"sceneViewState":{"showFog":true,"showMaterialUpdate":false,"showSkybox":true,"showFlares":true,"showImageEffects":true,"showParticleSystems":true},"in2DMode":false,"pivot":{"x":2.939999580383301,"y":1.119999885559082,"z":-2.1899986267089845},"rotation":{"x":-0.1492987871170044,"y":0.04270533472299576,"z":-0.0064549571834504608,"w":-0.9878484606742859},"size":2.0183334350585939,"orthographic":false}