{"cameraMode":{"drawMode":0,"name":"Shaded","section":"Shading Mode"},"sceneLighting":false,"audioPlay":false,"sceneViewState":{"showFog":true,"showMaterialUpdate":false,"showSkybox":true,"showFlares":true,"showImageEffects":true,"showParticleSystems":true},"in2DMode":false,"pivot":{"x":2.940000057220459,"y":0.9300000071525574,"z":-2.5999999046325685},"rotation":{"x":-0.2735954225063324,"y":0.28260400891304018,"z":-0.08445554971694946,"w":-0.9155041575431824},"size":1.1147301197052003,"orthographic":false}