{"cameraMode":{"drawMode":0,"name":"Shaded","section":"Shading Mode"},"sceneLighting":false,"audioPlay":false,"sceneViewState":{"showFog":true,"showMaterialUpdate":false,"showSkybox":true,"showFlares":true,"showImageEffects":true,"showParticleSystems":true},"in2DMode":false,"pivot":{"x":10.396080017089844,"y":18.12866973876953,"z":-12.280837059020996},"rotation":{"x":0.036314066499471667,"y":0.9585790634155273,"z":-0.24374474585056306,"w":0.14281481504440309},"size":2.600064992904663,"orthographic":false}