{"cameraMode":{"drawMode":0,"name":"Shaded","section":"Shading Mode"},"sceneLighting":false,"audioPlay":false,"sceneViewState":{"showFog":true,"showMaterialUpdate":false,"showSkybox":true,"showFlares":true,"showImageEffects":true,"showParticleSystems":true},"in2DMode":false,"pivot":{"x":11.752870559692383,"y":4.276686668395996,"z":-24.678314208984376},"rotation":{"x":-0.07228923588991165,"y":-0.919012188911438,"z":0.20020800828933717,"w":-0.3318248689174652},"size":26.15351104736328,"orthographic":false}