{"cameraMode":{"drawMode":0,"name":"Shaded","section":"Shading Mode"},"sceneLighting":false,"audioPlay":false,"sceneViewState":{"showFog":true,"showMaterialUpdate":false,"showSkybox":true,"showFlares":true,"showImageEffects":true,"showParticleSystems":true},"in2DMode":false,"pivot":{"x":10.901293754577637,"y":-2.8302018642425539,"z":-9.668832778930664},"rotation":{"x":-0.20481301844120027,"y":0.71250981092453,"z":-0.2316976934671402,"w":-0.6298393607139587},"size":34.84001541137695,"orthographic":false}