{"cameraMode":{"drawMode":0,"name":"Shaded","section":"Shading Mode"},"sceneLighting":false,"audioPlay":false,"sceneViewState":{"showFog":true,"showMaterialUpdate":false,"showSkybox":true,"showFlares":true,"showImageEffects":true,"showParticleSystems":true},"in2DMode":false,"pivot":{"x":8.892267227172852,"y":8.639707565307618,"z":16.105159759521486},"rotation":{"x":-0.13607679307460786,"y":0.6630280017852783,"z":-0.12435313314199448,"w":-0.7255434989929199},"size":49.120628356933597,"orthographic":false}