{"cameraMode":{"drawMode":0,"name":"Shaded","section":"Shading Mode"},"sceneLighting":false,"audioPlay":false,"sceneViewState":{"showFog":true,"showMaterialUpdate":false,"showSkybox":true,"showFlares":true,"showImageEffects":true,"showParticleSystems":true},"in2DMode":false,"pivot":{"x":2.590959310531616,"y":0.950225830078125,"z":-2.99849534034729},"rotation":{"x":-0.5751882791519165,"y":-0.011042488738894463,"z":0.007765438407659531,"w":-0.8179097175598145},"size":49.70027160644531,"orthographic":false}