{"cameraMode":{"drawMode":0,"name":"Shaded","section":"Shading Mode"},"sceneLighting":true,"audioPlay":false,"sceneViewState":{"showFog":true,"showMaterialUpdate":false,"showSkybox":true,"showFlares":true,"showImageEffects":true,"showParticleSystems":true},"in2DMode":false,"pivot":{"x":2.306262254714966,"y":2.2239701747894289,"z":-3.1030867099761965},"rotation":{"x":0.2926447093486786,"y":0.007171582896262407,"z":-0.0021949002984911205,"w":0.9561918377876282},"size":196.18692016601563,"orthographic":false}