{"cameraMode":{"drawMode":0,"name":"Shaded","section":"Shading Mode"},"sceneLighting":false,"audioPlay":false,"sceneViewState":{"showFog":true,"showMaterialUpdate":false,"showSkybox":true,"showFlares":true,"showImageEffects":true,"showParticleSystems":true},"in2DMode":false,"pivot":{"x":134.87271118164063,"y":32.80186080932617,"z":-5.960464477539063e-8},"rotation":{"x":-0.253683477640152,"y":0.009869836270809174,"z":-0.0025886758230626585,"w":-0.9672335386276245},"size":7.126265525817871,"orthographic":false}