{"cameraMode":{"drawMode":0,"name":"Shaded","section":"Shading Mode"},"sceneLighting":false,"audioPlay":false,"sceneViewState":{"showFog":true,"showMaterialUpdate":false,"showSkybox":true,"showFlares":true,"showImageEffects":true,"showParticleSystems":true},"in2DMode":false,"pivot":{"x":12.300000190734864,"y":2.069999933242798,"z":-7.360000133514404},"rotation":{"x":0.2877696454524994,"y":-0.002872972283512354,"z":0.0008639011066406965,"w":0.9576950073242188},"size":5.9729790687561039,"orthographic":true}